{
  "linear_regression": {
    "mae": 0.41977259452017635,
    "rmse": 0.500703700455253,
    "r2": 0.7398078226178726
  },
  "rfr": {
    "mae": 0.27860637907942826,
    "rmse": 0.44578966081121435,
    "r2": 0.7937506366326903
  },
  "bpnn": {
    "mae": 0.3119138515825324,
    "rmse": 0.424621513424516,
    "r2": 0.8128729284649291
  }
}